CREATE TABLE customers (
    customer_id VARCHAR(10) PRIMARY KEY,
    customer_name VARCHAR(100) NOT NULL,
    customer_email VARCHAR(100) NOT NULL,
    customer_city VARCHAR(50) NOT NULL
);

CREATE TABLE sales_reps (
    sales_rep_id VARCHAR(10) PRIMARY KEY,
    sales_rep_name VARCHAR(100) NOT NULL,
    sales_rep_email VARCHAR(100) NOT NULL,
    office_address VARCHAR(200) NOT NULL
);

CREATE TABLE products (
    product_id VARCHAR(10) PRIMARY KEY,
    product_name VARCHAR(100) NOT NULL,
    category VARCHAR(50) NOT NULL,
    unit_price DECIMAL(10, 2) NOT NULL
);

CREATE TABLE orders (
    order_id VARCHAR(10) PRIMARY KEY,
    customer_id VARCHAR(10) NOT NULL,
    sales_rep_id VARCHAR(10) NOT NULL,
    order_date DATE NOT NULL,
    FOREIGN KEY (customer_id) REFERENCES customers(customer_id),
    FOREIGN KEY (sales_rep_id) REFERENCES sales_reps(sales_rep_id)
);

CREATE TABLE order_items (
    order_id VARCHAR(10) NOT NULL,
    product_id VARCHAR(10) NOT NULL,
    quantity INT NOT NULL,
    PRIMARY KEY (order_id, product_id),
    FOREIGN KEY (order_id) REFERENCES orders(order_id),
    FOREIGN KEY (product_id) REFERENCES products(product_id)
);

INSERT INTO customers (customer_id, customer_name, customer_email, customer_city) VALUES
('C001', 'Rohan Mehta', 'rohan@gmail.com', 'Mumbai'),
('C002', 'Priya Sharma', 'priya@gmail.com', 'Delhi'),
('C003', 'Amit Verma', 'amit@gmail.com', 'Bangalore'),
('C005', 'Vikram Singh', 'vikram@gmail.com', 'Mumbai'),
('C006', 'Neha Gupta', 'neha@gmail.com', 'Delhi');

INSERT INTO sales_reps (sales_rep_id, sales_rep_name, sales_rep_email, office_address) VALUES
('SR01', 'Deepak Joshi', 'deepak@corp.com', 'Mumbai HQ, Nariman Point, Mumbai - 400021'),
('SR02', 'Anita Desai', 'anita@corp.com', 'Delhi Office, Connaught Place, New Delhi - 110001'),
('SR03', 'Ravi Kumar', 'ravi@corp.com', 'South Zone, MG Road, Bangalore - 560001'),
('SR04', 'Meera Nair', 'meera@corp.com', 'Hyderabad Hub, Banjara Hills, Hyderabad - 500034'),
('SR05', 'Sanjay Rao', 'sanjay@corp.com', 'Chennai Branch, T Nagar, Chennai - 600017');

INSERT INTO products (product_id, product_name, category, unit_price) VALUES
('P001', 'Laptop', 'Electronics', 55000.00),
('P002', 'Mouse', 'Electronics', 800.00),
('P004', 'Notebook', 'Stationery', 120.00),
('P006', 'Standing Desk', 'Furniture', 22000.00),
('P007', 'Pen Set', 'Stationery', 250.00),
('P008', 'Webcam', 'Electronics', 2100.00);

INSERT INTO orders (order_id, customer_id, sales_rep_id, order_date) VALUES
('ORD1027', 'C002', 'SR02', '2023-11-02'),
('ORD1114', 'C001', 'SR01', '2023-08-06'),
('ORD1185', 'C003', 'SR03', '2023-06-15'),
('ORD1022', 'C005', 'SR01', '2023-10-15'),
('ORD1162', 'C006', 'SR03', '2023-09-29');

INSERT INTO order_items (order_id, product_id, quantity) VALUES
('ORD1027', 'P004', 4),
('ORD1114', 'P007', 2),
('ORD1185', 'P008', 1),
('ORD1022', 'P002', 5),
('ORD1162', 'P004', 3);
